id,firstName,lastNAme
1230,test_first,last_test
1229,test_first,last_test
1228,test_first,last_test
1227,test_first,last_test
1226,test_first,last_test
1225,test_first,last_test
1224,test_first,last_test
1223,test_first,last_test
1222,test_first,last_test
1221,test_first,last_test
1220,test_first,last_test
1219,test_first,last_test
1218,test_first,last_test
1217,test_first,last_test
1216,test_first,last_test
1215,test_first,last_test
1214,test_first,last_test
1213,test_first,last_test
1212,test_first,last_test
1211,test_first,last_test
1210,test_first,last_test
1209,test_first,last_test
1208,test_first,last_test
1207,test_first,last_test
1206,test_first,last_test
1205,test_first,last_test
1204,test_first,last_test
1203,test_first,last_test
1202,test_first,last_test
1201,test_first,last_test
1200,test_first,last_test
1199,test_first,last_test
1198,test_first,last_test
1197,test_first,last_test
1196,test_first,last_test
1195,test_first,last_test
1194,test_first,last_test
1193,test_first,last_test
1192,test_first,last_test
1191,test_first,last_test
1190,test_first,last_test
1189,test_first,last_test
1188,test_first,last_test
1187,test_first,last_test
1186,test_first,last_test
1185,test_first,last_test
1184,test_first,last_test
1183,test_first,last_test
1182,test_first,last_test
1181,test_first,last_test
1180,test_first,last_test
1179,test_first,last_test
1178,test_first,last_test
1177,test_first,last_test
1176,test_first,last_test
1175,test_first,last_test
1174,test_first,last_test
1173,test_first,last_test
1172,test_first,last_test
1171,test_first,last_test
1170,test_first,last_test
1169,test_first,last_test
1168,test_first,last_test
1167,test_first,last_test
1166,test_first,last_test
1165,test_first,last_test
1164,test_first,last_test
1163,test_first,last_test
1162,test_first,last_test
1161,test_first,last_test
1160,test_first,last_test
1159,test_first,last_test
1158,test_first,last_test
1157,test_first,last_test
1156,test_first,last_test
1155,test_first,last_test
1154,test_first,last_test
1153,test_first,last_test
1152,test_first,last_test
1151,test_first,last_test
1150,test_first,last_test
1149,test_first,last_test
1148,test_first,last_test
1147,test_first,last_test
1146,test_first,last_test
1145,test_first,last_test
1144,test_first,last_test
1143,test_first,last_test
1142,test_first,last_test
1141,test_first,last_test
1140,test_first,last_test
1139,test_first,last_test
1138,test_first,last_test
1137,test_first,last_test
1136,test_first,last_test
1135,test_first,last_test
1134,test_first,last_test
1133,test_first,last_test
1132,test_first,last_test
1131,test_first,last_test
1130,test_first,last_test
1129,test_first,last_test
1128,test_first,last_test
1127,test_first,last_test
1126,test_first,last_test
1125,test_first,last_test
1124,test_first,last_test
1123,test_first,last_test
1122,test_first,last_test
1121,test_first,last_test
1120,test_first,last_test
1119,test_first,last_test
1118,test_first,last_test
1117,test_first,last_test
1116,test_first,last_test
1115,test_first,last_test
1114,test_first,last_test
1113,test_first,last_test
1112,test_first,last_test
1111,test_first,last_test
1110,test_first,last_test
1109,test_first,last_test
1108,test_first,last_test
1107,test_first,last_test
1106,test_first,last_test
1105,test_first,last_test
1104,test_first,last_test
1103,test_first,last_test
1102,test_first,last_test
1101,test_first,last_test
1100,test_first,last_test
1099,test_first,last_test
1098,test_first,last_test
1097,test_first,last_test
1096,test_first,last_test
1095,test_first,last_test
1094,test_first,last_test
1093,test_first,last_test
1092,test_first,last_test
1091,test_first,last_test
1090,test_first,last_test
1089,test_first,last_test
1088,test_first,last_test
1087,test_first,last_test
1086,test_first,last_test
1085,test_first,last_test
1084,test_first,last_test
1083,test_first,last_test
1082,test_first,last_test
1081,test_first,last_test
1080,test_first,last_test
1079,test_first,last_test
1078,test_first,last_test
1077,test_first,last_test
1076,test_first,last_test
1075,test_first,last_test
1074,test_first,last_test
1073,test_first,last_test
1072,test_first,last_test
1071,test_first,last_test
1070,test_first,last_test
1069,test_first,last_test
1068,test_first,last_test
1067,test_first,last_test
1066,test_first,last_test
1065,test_first,last_test
1064,test_first,last_test
1063,test_first,last_test
1062,test_first,last_test
1061,test_first,last_test
1060,test_first,last_test
1059,test_first,last_test
1058,test_first,last_test
1057,test_first,last_test
1056,test_first,last_test
1055,test_first,last_test
1054,test_first,last_test
1053,test_first,last_test
1052,test_first,last_test
1051,test_first,last_test
1050,test_first,last_test
1049,test_first,last_test
1048,test_first,last_test
1047,test_first,last_test
1046,test_first,last_test
1045,test_first,last_test
1044,test_first,last_test
1043,test_first,last_test
1042,test_first,last_test
1041,test_first,last_test
1040,test_first,last_test
1039,test_first,last_test
1038,test_first,last_test
1037,test_first,last_test
1036,test_first,last_test
1035,test_first,last_test
1034,test_first,last_test
1033,test_first,last_test
1032,test_first,last_test
1031,test_first,last_test
1030,test_first,last_test
1029,test_first,last_test
1028,test_first,last_test
1027,test_first,last_test
1026,test_first,last_test
1025,test_first,last_test
1024,test_first,last_test
1023,test_first,last_test
1022,test_first,last_test
1021,test_first,last_test
1020,test_first,last_test
1019,test_first,last_test
1018,test_first,last_test
1017,test_first,last_test
1016,test_first,last_test
1015,test_first,last_test
1014,test_first,last_test
1013,test_first,last_test
1012,test_first,last_test
1011,test_first,last_test
1010,test_first,last_test
1009,test_first,last_test
1008,test_first,last_test
1007,test_first,last_test
1006,test_first,last_test
1005,test_first,last_test
1004,test_first,last_test
1003,test_first,last_test
1002,test_first,last_test
1001,test_first,last_test
1000,test_first,last_test
999,test_first,last_test
998,test_first,last_test
997,test_first,last_test
996,test_first,last_test
995,test_first,last_test
994,test_first,last_test
993,test_first,last_test
992,test_first,last_test
991,test_first,last_test
990,test_first,last_test
989,test_first,last_test
988,test_first,last_test
987,test_first,last_test
986,test_first,last_test
985,test_first,last_test
984,test_first,last_test
983,test_first,last_test
982,test_first,last_test
981,test_first,last_test
980,test_first,last_test
979,test_first,last_test
978,test_first,last_test
977,test_first,last_test
976,test_first,last_test
975,test_first,last_test
974,test_first,last_test
973,test_first,last_test
972,test_first,last_test
971,test_first,last_test
970,test_first,last_test
969,test_first,last_test
968,test_first,last_test
967,test_first,last_test
966,test_first,last_test
965,test_first,last_test
964,test_first,last_test
963,test_first,last_test
962,test_first,last_test
961,test_first,last_test
960,test_first,last_test
959,test_first,last_test
958,test_first,last_test
957,test_first,last_test
956,test_first,last_test
955,test_first,last_test
954,test_first,last_test
953,test_first,last_test
952,test_first,last_test
951,test_first,last_test
950,test_first,last_test
949,test_first,last_test
948,test_first,last_test
947,test_first,last_test
946,test_first,last_test
945,test_first,last_test
944,test_first,last_test
943,test_first,last_test
942,test_first,last_test
941,test_first,last_test
940,test_first,last_test
939,test_first,last_test
938,test_first,last_test
937,test_first,last_test
936,test_first,last_test
935,test_first,last_test
934,test_first,last_test
933,test_first,last_test
932,test_first,last_test
931,test_first,last_test
930,test_first,last_test
929,test_first,last_test
928,test_first,last_test
927,test_first,last_test
926,test_first,last_test
925,test_first,last_test
924,test_first,last_test
923,test_first,last_test
922,test_first,last_test
921,test_first,last_test
920,test_first,last_test
919,test_first,last_test
918,test_first,last_test
917,test_first,last_test
916,test_first,last_test
915,test_first,last_test
914,test_first,last_test
913,test_first,last_test
912,test_first,last_test
911,test_first,last_test
910,test_first,last_test
909,test_first,last_test
908,test_first,last_test
907,test_first,last_test
906,test_first,last_test
905,test_first,last_test
904,test_first,last_test
903,test_first,last_test
902,test_first,last_test
901,test_first,last_test
900,test_first,last_test
899,test_first,last_test
898,test_first,last_test
897,test_first,last_test
896,test_first,last_test
895,test_first,last_test
894,test_first,last_test
893,test_first,last_test
892,test_first,last_test
891,test_first,last_test
890,test_first,last_test
889,test_first,last_test
888,test_first,last_test
887,test_first,last_test
886,test_first,last_test
885,test_first,last_test
884,test_first,last_test
883,test_first,last_test
882,test_first,last_test
881,test_first,last_test
880,test_first,last_test
879,test_first,last_test
878,test_first,last_test
877,test_first,last_test
876,test_first,last_test
875,test_first,last_test
874,test_first,last_test
873,test_first,last_test
872,test_first,last_test
871,test_first,last_test
870,test_first,last_test
869,test_first,last_test
868,test_first,last_test
867,test_first,last_test
866,test_first,last_test
865,test_first,last_test
864,test_first,last_test
863,test_first,last_test
862,test_first,last_test
861,test_first,last_test
860,test_first,last_test
859,test_first,last_test
858,test_first,last_test
857,test_first,last_test
856,test_first,last_test
855,test_first,last_test
854,test_first,last_test
853,test_first,last_test
852,test_first,last_test
851,test_first,last_test
850,test_first,last_test
849,test_first,last_test
848,test_first,last_test
847,test_first,last_test
846,test_first,last_test
845,test_first,last_test
844,test_first,last_test
843,test_first,last_test
842,test_first,last_test
841,test_first,last_test
840,test_first,last_test
839,test_first,last_test
838,test_first,last_test
837,test_first,last_test
836,test_first,last_test
835,test_first,last_test
834,test_first,last_test
833,test_first,last_test
832,test_first,last_test
831,test_first,last_test
830,test_first,last_test
829,test_first,last_test
828,test_first,last_test
827,test_first,last_test
826,test_first,last_test
825,test_first,last_test
824,test_first,last_test
823,test_first,last_test
822,test_first,last_test
821,test_first,last_test
820,test_first,last_test
819,test_first,last_test
818,test_first,last_test
817,test_first,last_test
816,test_first,last_test
815,test_first,last_test
814,test_first,last_test
813,test_first,last_test
812,test_first,last_test
811,test_first,last_test
810,test_first,last_test
809,test_first,last_test
808,test_first,last_test
807,test_first,last_test
806,test_first,last_test
805,test_first,last_test
804,test_first,last_test
803,test_first,last_test
802,test_first,last_test
801,test_first,last_test
800,test_first,last_test
799,test_first,last_test
798,test_first,last_test
797,test_first,last_test
796,test_first,last_test
795,test_first,last_test
794,test_first,last_test
793,test_first,last_test
792,test_first,last_test
791,test_first,last_test
790,test_first,last_test
789,test_first,last_test
788,test_first,last_test
787,test_first,last_test
786,test_first,last_test
785,test_first,last_test
784,test_first,last_test
783,test_first,last_test
782,test_first,last_test
781,test_first,last_test
780,test_first,last_test
779,test_first,last_test
778,test_first,last_test
777,test_first,last_test
776,test_first,last_test
775,test_first,last_test
774,test_first,last_test
773,test_first,last_test
772,test_first,last_test
771,test_first,last_test
770,test_first,last_test
769,test_first,last_test
768,test_first,last_test
767,test_first,last_test
766,test_first,last_test
765,test_first,last_test
764,test_first,last_test
763,test_first,last_test
762,test_first,last_test
761,test_first,last_test
760,test_first,last_test
759,test_first,last_test
758,test_first,last_test
757,test_first,last_test
756,test_first,last_test
755,test_first,last_test
754,test_first,last_test
753,test_first,last_test
752,test_first,last_test
751,test_first,last_test
750,test_first,last_test
749,test_first,last_test
748,test_first,last_test
747,test_first,last_test
746,test_first,last_test
745,test_first,last_test
744,test_first,last_test
743,test_first,last_test
742,test_first,last_test
741,test_first,last_test
740,test_first,last_test
739,test_first,last_test
738,test_first,last_test
737,test_first,last_test
736,test_first,last_test
735,test_first,last_test
734,test_first,last_test
733,test_first,last_test
732,test_first,last_test
731,test_first,last_test
730,test_first,last_test
729,test_first,last_test
728,test_first,last_test
727,test_first,last_test
726,test_first,last_test
725,test_first,last_test
724,test_first,last_test
723,test_first,last_test
722,test_first,last_test
721,test_first,last_test
720,test_first,last_test
719,test_first,last_test
718,test_first,last_test
717,test_first,last_test
716,test_first,last_test
715,test_first,last_test
714,test_first,last_test
713,test_first,last_test
712,test_first,last_test
711,test_first,last_test
710,test_first,last_test
709,test_first,last_test
708,test_first,last_test
707,test_first,last_test
706,test_first,last_test
705,test_first,last_test
704,test_first,last_test
703,test_first,last_test
702,test_first,last_test
701,test_first,last_test
700,test_first,last_test
699,test_first,last_test
698,test_first,last_test
697,test_first,last_test
696,test_first,last_test
695,test_first,last_test
694,test_first,last_test
693,test_first,last_test
692,test_first,last_test
691,test_first,last_test
690,test_first,last_test
689,test_first,last_test
688,test_first,last_test
687,test_first,last_test
686,test_first,last_test
685,test_first,last_test
684,test_first,last_test
683,test_first,last_test
682,test_first,last_test
681,test_first,last_test
680,test_first,last_test
679,test_first,last_test
678,test_first,last_test
677,test_first,last_test
676,test_first,last_test
675,test_first,last_test
674,test_first,last_test
673,test_first,last_test
672,test_first,last_test
671,test_first,last_test
670,test_first,last_test
669,test_first,last_test
668,test_first,last_test
667,test_first,last_test
666,test_first,last_test
665,test_first,last_test
664,test_first,last_test
663,test_first,last_test
662,test_first,last_test
661,test_first,last_test
660,test_first,last_test
659,test_first,last_test
658,test_first,last_test
657,test_first,last_test
656,test_first,last_test
655,test_first,last_test
654,test_first,last_test
653,test_first,last_test
652,test_first,last_test
651,test_first,last_test
650,test_first,last_test
649,test_first,last_test
648,test_first,last_test
647,test_first,last_test
646,test_first,last_test
645,test_first,last_test
644,test_first,last_test
643,test_first,last_test
642,test_first,last_test
641,test_first,last_test
640,test_first,last_test
639,test_first,last_test
638,test_first,last_test
637,test_first,last_test
636,test_first,last_test
635,test_first,last_test
634,test_first,last_test
633,test_first,last_test
632,test_first,last_test
631,test_first,last_test
630,test_first,last_test
629,test_first,last_test
628,test_first,last_test
627,test_first,last_test
626,test_first,last_test
625,test_first,last_test
624,test_first,last_test
623,test_first,last_test
622,test_first,last_test
621,test_first,last_test
620,test_first,last_test
619,test_first,last_test
618,test_first,last_test
617,test_first,last_test
616,test_first,last_test
615,test_first,last_test
614,test_first,last_test
613,test_first,last_test
612,test_first,last_test
611,test_first,last_test
610,test_first,last_test
609,test_first,last_test
608,test_first,last_test
607,test_first,last_test
606,test_first,last_test
605,test_first,last_test
604,test_first,last_test
603,test_first,last_test
602,test_first,last_test
601,test_first,last_test
600,test_first,last_test
599,test_first,last_test
598,test_first,last_test
597,test_first,last_test
596,test_first,last_test
595,test_first,last_test
594,test_first,last_test
593,test_first,last_test
592,test_first,last_test
591,test_first,last_test
590,test_first,last_test
589,test_first,last_test
588,test_first,last_test
587,test_first,last_test
586,test_first,last_test
585,test_first,last_test
584,test_first,last_test
583,test_first,last_test
582,test_first,last_test
581,test_first,last_test
580,test_first,last_test
579,test_first,last_test
578,test_first,last_test
577,test_first,last_test
576,test_first,last_test
575,test_first,last_test
574,test_first,last_test
573,test_first,last_test
572,test_first,last_test
571,test_first,last_test
570,test_first,last_test
569,test_first,last_test
568,test_first,last_test
567,test_first,last_test
566,test_first,last_test
565,test_first,last_test
564,test_first,last_test
563,test_first,last_test
562,test_first,last_test
561,test_first,last_test
560,test_first,last_test
559,test_first,last_test
558,test_first,last_test
557,test_first,last_test
556,test_first,last_test
555,test_first,last_test
554,test_first,last_test
553,test_first,last_test
552,test_first,last_test
551,test_first,last_test
550,test_first,last_test
549,test_first,last_test
548,test_first,last_test
547,test_first,last_test
546,test_first,last_test
545,test_first,last_test
544,test_first,last_test
543,test_first,last_test
542,test_first,last_test
541,test_first,last_test
540,test_first,last_test
539,test_first,last_test
538,test_first,last_test
537,test_first,last_test
536,test_first,last_test
535,test_first,last_test
534,test_first,last_test
533,test_first,last_test
532,test_first,last_test
531,test_first,last_test
530,test_first,last_test
529,test_first,last_test
528,test_first,last_test
527,test_first,last_test
526,test_first,last_test
525,test_first,last_test
524,test_first,last_test
523,test_first,last_test
522,test_first,last_test
521,test_first,last_test
520,test_first,last_test
519,test_first,last_test
518,test_first,last_test
517,test_first,last_test
516,test_first,last_test
515,test_first,last_test
514,test_first,last_test
513,test_first,last_test
512,test_first,last_test
511,test_first,last_test
510,test_first,last_test
509,test_first,last_test
508,test_first,last_test
507,test_first,last_test
506,test_first,last_test
505,test_first,last_test
504,test_first,last_test
503,test_first,last_test
502,test_first,last_test
501,test_first,last_test
500,test_first,last_test
499,test_first,last_test
498,test_first,last_test
497,test_first,last_test
496,test_first,last_test
495,test_first,last_test
494,test_first,last_test
493,test_first,last_test
492,test_first,last_test
491,test_first,last_test
490,test_first,last_test
489,test_first,last_test
488,test_first,last_test
487,test_first,last_test
486,test_first,last_test
485,test_first,last_test
484,test_first,last_test
483,test_first,last_test
482,test_first,last_test
481,test_first,last_test
480,test_first,last_test
479,test_first,last_test
478,test_first,last_test
477,test_first,last_test
476,test_first,last_test
475,test_first,last_test
474,test_first,last_test
473,test_first,last_test
472,test_first,last_test
471,test_first,last_test
470,test_first,last_test
469,test_first,last_test
468,test_first,last_test
467,test_first,last_test
466,test_first,last_test
465,test_first,last_test
464,test_first,last_test
463,test_first,last_test
462,test_first,last_test
461,test_first,last_test
460,test_first,last_test
459,test_first,last_test
458,test_first,last_test
457,test_first,last_test
456,test_first,last_test
455,test_first,last_test
454,test_first,last_test
453,test_first,last_test
452,test_first,last_test
451,test_first,last_test
450,test_first,last_test
449,test_first,last_test
448,test_first,last_test
447,test_first,last_test
446,test_first,last_test
445,test_first,last_test
444,test_first,last_test
443,test_first,last_test
442,test_first,last_test
441,test_first,last_test
440,test_first,last_test
439,test_first,last_test
438,test_first,last_test
437,test_first,last_test
436,test_first,last_test
435,test_first,last_test
434,test_first,last_test
433,test_first,last_test
432,test_first,last_test
431,test_first,last_test
430,test_first,last_test
429,test_first,last_test
428,test_first,last_test
427,test_first,last_test
426,test_first,last_test
425,test_first,last_test
424,test_first,last_test
423,test_first,last_test
422,test_first,last_test
421,test_first,last_test
420,test_first,last_test
419,test_first,last_test
418,test_first,last_test
417,test_first,last_test
416,test_first,last_test
415,test_first,last_test
414,test_first,last_test
413,test_first,last_test
412,test_first,last_test
411,test_first,last_test
410,test_first,last_test
409,test_first,last_test
408,test_first,last_test
407,test_first,last_test
406,test_first,last_test
405,test_first,last_test
404,test_first,last_test
403,test_first,last_test
402,test_first,last_test
401,test_first,last_test
400,test_first,last_test
399,test_first,last_test
398,test_first,last_test
397,test_first,last_test
396,test_first,last_test
395,test_first,last_test
394,test_first,last_test
393,test_first,last_test
392,test_first,last_test
391,test_first,last_test
390,test_first,last_test
389,test_first,last_test
388,test_first,last_test
387,test_first,last_test
386,test_first,last_test
385,test_first,last_test
384,test_first,last_test
383,test_first,last_test
382,test_first,last_test
381,test_first,last_test
380,test_first,last_test
379,test_first,last_test
378,test_first,last_test
377,test_first,last_test
376,test_first,last_test
375,test_first,last_test
374,test_first,last_test
373,test_first,last_test
372,test_first,last_test
371,test_first,last_test
370,test_first,last_test
369,test_first,last_test
368,test_first,last_test
367,test_first,last_test
366,test_first,last_test
365,test_first,last_test
364,test_first,last_test
363,test_first,last_test
362,test_first,last_test
361,test_first,last_test
360,test_first,last_test
359,test_first,last_test
358,test_first,last_test
357,test_first,last_test
356,test_first,last_test
355,test_first,last_test
354,test_first,last_test
353,test_first,last_test
352,test_first,last_test
351,test_first,last_test
350,test_first,last_test
349,test_first,last_test
348,test_first,last_test
347,test_first,last_test
346,test_first,last_test
345,test_first,last_test
344,test_first,last_test
343,test_first,last_test
342,test_first,last_test
341,test_first,last_test
340,test_first,last_test
339,test_first,last_test
338,test_first,last_test
337,test_first,last_test
336,test_first,last_test
335,test_first,last_test
334,test_first,last_test
333,test_first,last_test
332,test_first,last_test
331,test_first,last_test
330,test_first,last_test
329,test_first,last_test
328,test_first,last_test
327,test_first,last_test
326,test_first,last_test
325,test_first,last_test
324,test_first,last_test
323,test_first,last_test
322,test_first,last_test
321,test_first,last_test
320,test_first,last_test
319,test_first,last_test
318,test_first,last_test
317,test_first,last_test
316,test_first,last_test
315,test_first,last_test
314,test_first,last_test
313,test_first,last_test
312,test_first,last_test
311,test_first,last_test
310,test_first,last_test
309,test_first,last_test
308,test_first,last_test
307,test_first,last_test
306,test_first,last_test
305,test_first,last_test
304,test_first,last_test
303,test_first,last_test
302,test_first,last_test
301,test_first,last_test
300,test_first,last_test
299,test_first,last_test
298,test_first,last_test
297,test_first,last_test
296,test_first,last_test
295,test_first,last_test
294,test_first,last_test
293,test_first,last_test
292,test_first,last_test
291,test_first,last_test
290,test_first,last_test
289,test_first,last_test
288,test_first,last_test
287,test_first,last_test
286,test_first,last_test
285,test_first,last_test
284,test_first,last_test
283,test_first,last_test
282,test_first,last_test
281,test_first,last_test
280,test_first,last_test
279,test_first,last_test
278,test_first,last_test
277,test_first,last_test
276,test_first,last_test
275,test_first,last_test
274,test_first,last_test
273,test_first,last_test
272,test_first,last_test
271,test_first,last_test
270,test_first,last_test
269,test_first,last_test
268,test_first,last_test
267,test_first,last_test
266,test_first,last_test
265,test_first,last_test
264,test_first,last_test
263,test_first,last_test
262,test_first,last_test
261,test_first,last_test
260,test_first,last_test
259,test_first,last_test
258,test_first,last_test
257,test_first,last_test
256,test_first,last_test
255,test_first,last_test
254,test_first,last_test
253,test_first,last_test
252,test_first,last_test
251,test_first,last_test
250,test_first,last_test
249,test_first,last_test
248,test_first,last_test
247,test_first,last_test
246,test_first,last_test
245,test_first,last_test
244,test_first,last_test
243,test_first,last_test
242,test_first,last_test
241,test_first,last_test
240,test_first,last_test
239,test_first,last_test
238,test_first,last_test
237,test_first,last_test
236,test_first,last_test
235,test_first,last_test
234,test_first,last_test
233,test_first,last_test
232,test_first,last_test
231,test_first,last_test
230,test_first,last_test
229,test_first,last_test
228,test_first,last_test
227,test_first,last_test
226,test_first,last_test
225,test_first,last_test
224,test_first,last_test
223,test_first,last_test
222,test_first,last_test
221,test_first,last_test
220,test_first,last_test
219,test_first,last_test
218,test_first,last_test
217,test_first,last_test
216,test_first,last_test
215,test_first,last_test
214,test_first,last_test
213,test_first,last_test
212,test_first,last_test
211,test_first,last_test
210,test_first,last_test
209,test_first,last_test
208,test_first,last_test
207,test_first,last_test
206,test_first,last_test
205,test_first,last_test
204,test_first,last_test
203,test_first,last_test
202,test_first,last_test
201,test_first,last_test
200,test_first,last_test
199,test_first,last_test
198,test_first,last_test
197,test_first,last_test
196,test_first,last_test
195,test_first,last_test
194,test_first,last_test
193,test_first,last_test
192,test_first,last_test
191,test_first,last_test
190,test_first,last_test
189,test_first,last_test
188,test_first,last_test
187,test_first,last_test
186,test_first,last_test
185,test_first,last_test
184,test_first,last_test
183,test_first,last_test
182,test_first,last_test
181,test_first,last_test
180,test_first,last_test
179,test_first,last_test
178,test_first,last_test
177,test_first,last_test
176,test_first,last_test
175,test_first,last_test
174,test_first,last_test
173,test_first,last_test
172,test_first,last_test
171,test_first,last_test
170,test_first,last_test
169,test_first,last_test
168,test_first,last_test
167,test_first,last_test
166,test_first,last_test
165,test_first,last_test
164,test_first,last_test
163,test_first,last_test
162,test_first,last_test
161,test_first,last_test
160,test_first,last_test
159,test_first,last_test
158,test_first,last_test
157,test_first,last_test
156,test_first,last_test
155,test_first,last_test
154,test_first,last_test
153,test_first,last_test
152,test_first,last_test
151,test_first,last_test
150,test_first,last_test
149,test_first,last_test
148,test_first,last_test
147,test_first,last_test
146,test_first,last_test
145,test_first,last_test
144,test_first,last_test
143,test_first,last_test
142,test_first,last_test
141,test_first,last_test
140,test_first,last_test
139,test_first,last_test
138,test_first,last_test
137,test_first,last_test
136,test_first,last_test
135,test_first,last_test
134,test_first,last_test
133,test_first,last_test
132,test_first,last_test
131,test_first,last_test
130,test_first,last_test
129,test_first,last_test
128,test_first,last_test
127,test_first,last_test
126,test_first,last_test
125,test_first,last_test
124,test_first,last_test
123,test_first,last_test
122,test_first,last_test
121,test_first,last_test
120,test_first,last_test
119,test_first,last_test
118,test_first,last_test
117,test_first,last_test
116,test_first,last_test
115,test_first,last_test
114,test_first,last_test
113,test_first,last_test
112,test_first,last_test
111,test_first,last_test
110,test_first,last_test
109,test_first,last_test
108,test_first,last_test
107,test_first,last_test
106,test_first,last_test
105,test_first,last_test
104,test_first,last_test
103,test_first,last_test
102,test_first,last_test
101,test_first,last_test
100,test_first,last_test
99,test_first,last_test
98,test_first,last_test
97,test_first,last_test
96,test_first,last_test
95,test_first,last_test
94,test_first,last_test
93,test_first,last_test
92,test_first,last_test
91,test_first,last_test
90,test_first,last_test
89,test_first,last_test
88,test_first,last_test
87,test_first,last_test
86,test_first,last_test
85,test_first,last_test
84,test_first,last_test
83,test_first,last_test
82,test_first,last_test
81,test_first,last_test
80,test_first,last_test
79,test_first,last_test
78,test_first,last_test
77,test_first,last_test
76,test_first,last_test
75,test_first,last_test
74,test_first,last_test
73,test_first,last_test
72,test_first,last_test
71,test_first,last_test
70,test_first,last_test
69,test_first,last_test
68,test_first,last_test
67,test_first,last_test
66,test_first,last_test
65,test_first,last_test
64,test_first,last_test
63,test_first,last_test
62,test_first,last_test
61,test_first,last_test
60,test_first,last_test
59,test_first,last_test
58,test_first,last_test
57,test_first,last_test
56,test_first,last_test
55,test_first,last_test
54,test_first,last_test
53,test_first,last_test
52,test_first,last_test
51,test_first,last_test
50,test_first,last_test
49,test_first,last_test
48,test_first,last_test
47,test_first,last_test
46,test_first,last_test
45,test_first,last_test
44,test_first,last_test
43,test_first,last_test
42,test_first,last_test
41,test_first,last_test
40,test_first,last_test
39,test_first,last_test
38,test_first,last_test
37,test_first,last_test
36,test_first,last_test
35,test_first,last_test
34,test_first,last_test
33,test_first,last_test
32,test_first,last_test
31,test_first,last_test
30,test_first,last_test
29,test_first,last_test
28,test_first,last_test
27,test_first,last_test
26,test_first,last_test
25,test_first,last_test
24,test_first,last_test
23,test_first,last_test
22,test_first,last_test
21,test_first,last_test
20,test_first,last_test
19,test_first,last_test
18,test_first,last_test
17,test_first,last_test
16,test_first,last_test
15,test_first,last_test
14,test_first,last_test
13,test_first,last_test
12,test_first,last_test
11,test_first,last_test
10,test_first,last_test
9,test_first,last_test
8,test_first,last_test
7,test_first,last_test
6,test_first,last_test
5,test_first,last_test
4,test_first,last_test
3,test_first,last_test
2,test_first,last_test
1,test_first,last_test
